#np,nx,ny,nz,mlup,elapsed
32,4,2,4,1757.9721491019998,111.0
48,12,2,2,1949.7438190980004,149.7
48,12,4,1,1975.8877756260001,147.6
48,24,2,1,1980.2032454390003,150.0
48,48,1,1,1957.8027853720002,151.7
48,6,4,2,2023.7012862390002,146.8
48,8,6,1,1960.2134449620003,151.1
