#np,nx,ny,nz,mlup,elapsed
32,4,2,4,1753.247066649,111.6
48,12,2,2,1934.899724501,151.9
48,12,4,1,1961.3326152009995,147.8
48,24,2,1,1988.5109238899997,146.8
48,48,1,1,1928.020557568,150.9
48,6,4,2,1928.9176393040002,152.2
48,8,6,1,1961.5041034920002,151.6
